name,source,family,expr,sign,nodes,zoo_overlap,ic_mean,pearson_ic,ic_t,ls_sharpe_ann,dsr,later_ic_mean,status
mom_12_1,hypothesis,trend,"Ref($close,20)/Ref($close,240)-1",1,9,3,0.031024415516950215,0.027187344873712955,3.2082241956595885,0.9074900150299072,0.1677704344154164,0.027204296938560895,probation
rev_5d,hypothesis,reversal,"$close/Ref($close,5)-1",-1,7,7,0.0343516416248221,0.021465853427410635,3.9599446203303654,0.48010122776031494,0.014267295565990015,0.0032571874297916306,rejected
rev_20d,hypothesis,reversal,"$close/Ref($close,20)-1",-1,7,7,0.03223440396512663,0.016978935393883145,3.3008372776651793,0.2768133580684662,0.0022789944538141606,0.013867769836611605,probation
low_vol_20d,hypothesis,volatility,"Std(($close/Ref($close,1)-1),20)",-1,9,7,0.025309869218512776,-0.000759428496013012,2.33712513417987,-0.17034299671649933,2.214482656795471e-05,0.06970112559735263,rejected
max_ret_20d,hypothesis,range,"Max(($close/Ref($close,1)-1),20)",-1,9,7,0.02842244060549363,0.007363958632016263,3.5252640585989132,-0.08545627444982529,6.331796307853671e-05,0.05806276244937418,rejected
abn_turnover,hypothesis,liquidity,"Mean($volume,20)/Mean($volume,120)",-1,7,3,0.024380076289972647,0.016701369700228914,3.395334857618507,0.5007257461547852,0.016063955561334105,0.029509697143113377,rejected
amihud_illiq,hypothesis,liquidity,"Mean(Abs(($close/Ref($close,1)-1))/($amount+1),20)",1,14,8,-5.9107056812917816e-05,-0.0024502357082064837,-0.11931487360860522,0.004913706798106432,0.00017178650760646546,0.001176029984787655,rejected
near_52w_high,hypothesis,range,"$close/Max($high,240)",1,5,3,0.01861631404916439,0.016757529785527334,1.735746491409871,0.4913487732410431,0.018872569935125108,0.03018222793610589,rejected
pv_corr_20d,hypothesis,price_volume,"Corr($close,Log($volume+1),20)",-1,7,7,0.04164283634660261,0.03080857178903184,6.534228476170513,1.5481163263320923,0.8107984470142933,0.023393329167748975,probation
vwap_gap,hypothesis,other,$close/$vwap-1,-1,5,1,0.024476745541492775,0.02492637974143987,3.095607067616792,0.8397819399833679,0.1278407319096022,-0.007659522669587159,probation
hl_range_20d,hypothesis,range,"Mean(($high-$low)/$close,20)",-1,7,3,0.029115777507389674,-0.0012250534075746694,2.6932623704820426,-0.1055864691734314,4.885992821622522e-05,0.07921563885380117,rejected
rnd_001,random,range,"Corr($close,$high,60)",1,4,1,0.0022307656829042974,0.006953450576437092,0.3581403717957104,0.38651522994041443,0.006375446698184261,-0.00521633326376783,rejected
rnd_002,random,price_volume,"Corr($close,Log($volume+1),5)",-1,7,7,0.034957163013749945,0.026226461456322497,4.93091922259543,1.0369551181793213,0.2648577213261223,0.014699064763617929,rejected
rnd_004,random,range,"Min($high,60)/(Min($high,10)+1e-12)-1",1,11,1,0.018382994448975207,-0.0005833820983332254,2.239143404401124,-0.02496422454714775,0.00012445120776116803,0.03937896927632135,rejected
rnd_005,random,price_volume,"Corr(Log($volume+1),$open,60)",-1,7,4,0.02976665910416854,0.0223504797707421,4.059399587810931,0.7258790135383606,0.0682682963058922,-0.011045695827670194,rejected
rnd_006,random,range,"Min($volume,60)/(Min($volume,40)+1e-12)-1",1,11,1,0.0007199498155304072,-0.0043635445244119405,0.19992475669763587,0.638882577419281,0.23646765706066863,0.022529437073711158,rejected
rnd_007,random,volatility,"($close-Mean($close,60))/(Std($close,60)+1e-12)",-1,11,3,0.01711633875828829,-0.0008717079823124616,1.780358841212566,-0.17970578372478485,1.9086017242848967e-05,0.017440698553874836,rejected
rnd_008,random,range,"Mean((($high-$low)/$close),60)/(Mean((($high-$low)/$close),5)+1e-12)-1",1,19,3,0.0018593165868527107,-0.011920146659576684,1.024014576190178,-0.3444497287273407,2.48605701716357e-06,0.005835584747335974,rejected
rnd_010,random,range,"Sum((($high-$low)/$close),5)/(Sum((($high-$low)/$close),20)+1e-12)-1",1,19,3,0.0026882437650718027,0.002942119601783761,-0.6274322548508798,0.21360398828983307,0.001481307964720759,0.003570050379352737,rejected
rnd_013,random,volatility,"($high-Mean($high,40))/(Std($high,40)+1e-12)",-1,11,1,0.01696226765634169,0.00025232328963505,2.037771744295019,-0.05878061428666115,8.4177369568451e-05,0.012491476535738134,rejected
rnd_015,random,range,"Max($close,5)",1,3,1,0.009882591327742588,0.012097093131928168,1.5486602620157874,0.33628135919570923,0.004855369286085212,-0.03272552821725287,rejected
rnd_017,random,trend,"Sum(($close/$vwap-1),5)/(Sum(($close/$vwap-1),40)+1e-12)-1",-1,19,1,0.0019077555829055022,8.734662150003347e-05,0.11640529525959821,0.12673351168632507,0.0006351889034065662,0.00891316069652663,rejected
rnd_018,random,volatility,"((($high-$low)/$close)-Mean((($high-$low)/$close),5))/(Std((($high-$low)/$close),5)+1e-12)",1,23,3,0.005186097134161128,0.004453048849996919,0.931642807414765,0.17478594183921814,0.0014086683695144374,0.0013781182925485709,rejected
rnd_019,random,range,"Corr(Corr($open,$high,5),$low,60)",-1,7,1,0.005917001639993985,0.004606960122091814,1.4968197499232851,0.28421273827552795,0.0027910848889677407,0.0030768041749606465,rejected
rnd_020,random,range,"Max($high,60)/(Slope($close,40)+1e-12)",1,9,3,0.015778023202182703,0.0027023902384094548,2.559561653335225,0.7022606730461121,0.054146369570520325,-0.0024347530958019454,rejected
rnd_021,random,range,"Sum((($high-$low)/$close),5)/(Sum($high,40)+1e-12)",-1,13,3,0.02098214783084891,0.007653372053635,3.8404530583323147,0.45351430773735046,0.012494532613273043,-0.010270947174458915,rejected
rnd_022,random,range,"Min(Corr($vwap,(($high-$low)/$close),10),10)/(Min(Corr($vwap,(($high-$low)/$close),10),60)+1e-12)-1",1,25,3,0.025120810668156475,0.022962507283640615,5.544840540958717,1.245714545249939,0.5067569259993736,0.01893828579404116,probation
rnd_023,random,other,"Corr($open,($close/$vwap-1),20)",1,8,1,0.01126306440564321,0.011935063521050344,2.0038616914199507,0.9498701095581055,0.18429551750607487,0.005652105870807488,rejected
rnd_024,random,volatility,"Min(($close-Mean($close,60))/(Std($close,60)+1e-12),10)",-1,13,3,0.016047574876169722,-0.0001942265915770181,1.9195578714215074,-0.033652134239673615,0.00011217947061421651,0.021904008962660374,rejected
rnd_025,random,volatility,"Skew($close,60)",-1,3,1,0.02213001683812515,0.015681040955550993,3.6048685536561598,0.9620279669761658,0.2061079999175774,0.012643649445016794,probation
rnd_026,random,reversal,"EMA($vwap,20)",1,3,1,0.011163656978776167,0.012730003978991877,1.7491891445979204,0.3760536313056946,0.006768316151508018,-0.03175762144474671,rejected
rnd_027,random,volatility,"Std($volume,5)/(Min($volume,10)+1e-12)",-1,9,3,0.014013367053401756,0.010527812005730821,2.6922652223083072,0.23497693240642548,0.0020312018280416247,0.008609642634158926,rejected
rnd_029,random,volatility,"Rank($volume,40)/(Std($high,40)+1e-12)",-1,9,1,0.007750419647508975,0.004616429065256725,1.040330066643135,0.10343041270971298,0.0005083057211947369,-0.03449003164059522,rejected
rnd_030,random,range,"Delta(Corr((($high-$low)/$close),$low,60),20)",-1,10,3,0.01710665266770934,0.016517297046760054,2.985533074747584,0.8573580980300903,0.1390931608241583,0.002840796535317767,rejected
rnd_031,random,range,"Max(Min($high,10),5)/(Max(Min($high,10),20)+1e-12)-1",-1,15,1,0.009250952142167637,0.0041157393405962285,1.4287010780553588,0.37125974893569946,0.004717449087835167,0.0046793166364391525,rejected
rnd_033,random,range,"Delta($low,10)",-1,3,1,0.018538299349958178,0.004144095832400965,2.23595745440275,0.18506048619747162,0.0010791486438585822,0.00893243027949084,rejected
rnd_034,random,price_volume,"Corr($low,Log($volume+1),5)",-1,7,4,0.024895314600389896,0.019772442043150262,3.781785206605616,0.993596613407135,0.22960287863334589,0.015755890127990856,rejected
rnd_035,random,range,"Corr($high,($close/$vwap-1),5)",-1,8,1,0.004628610330741842,0.005226338040913069,0.18701918312390112,-0.0011766954557970166,0.00016122952773950193,0.001645855102502671,rejected
rnd_036,random,range,"Min((($high-$low)/$close),60)",-1,7,3,0.005776979706912917,-0.010774921899524434,0.6101997910511733,-0.3724021315574646,1.501282056801565e-06,0.06873151460681702,rejected
rnd_037,random,price_volume,"Corr(Corr($open,$high,40),Log($volume+1),60)",-1,10,4,0.003573271030691476,-0.00048243352237535645,0.6295954325536017,-0.08178675174713135,6.334266162885331e-05,-0.005943584018559533,rejected
rnd_038,random,range,"Max((($high-$low)/$close),60)/(Max((($high-$low)/$close),40)+1e-12)-1",-1,19,3,0.010914447321537244,-0.0015665469024762951,1.859545547571305,0.011964458972215652,0.00018913895279902256,0.013809583203087695,rejected
rnd_039,random,range,"Max($vwap,10)",1,3,1,0.010190020011710384,0.012419044207811267,1.5854258435543338,0.35525190830230713,0.00569405735307637,-0.03267221107814366,rejected
rnd_040,random,liquidity,"Mean($volume,10)/(Mean($volume,40)+1e-12)-1",-1,11,3,0.01768126609401872,0.012113782453175001,2.8386876449083163,0.3074192702770233,0.0033616141921598577,0.005142239263406749,rejected
rnd_041,random,price_volume,"(Corr($volume,$low,20)-Mean(Corr($volume,$low,20),10))/(Std(Corr($volume,$low,20),10)+1e-12)",-1,20,1,0.00019159099175132798,0.001404502230739648,0.59835329221889,0.5168027877807617,0.018300956821401104,0.007501981541351121,rejected
rnd_042,random,volatility,"($close-Mean($close,40))/(Std($close,40)+1e-12)",-1,11,3,0.01995693524323141,0.0026068994380971963,2.1544347285288996,-0.05024602264165878,9.28627646897946e-05,0.011822292353051564,rejected
rnd_043,random,liquidity,"Mean($volume,5)/(Mean($volume,20)+1e-12)-1",-1,11,3,0.00447957339011467,0.0009005618998583331,1.5569963623402303,-0.2577418386936188,6.675671612857566e-06,-0.00374555523939507,rejected
rnd_044,random,volatility,"($open-Mean($open,20))/(Std($open,20)+1e-12)",-1,11,1,0.017996700982398,0.0032276313520082844,2.4120488171165206,0.02330847457051277,0.00021203877353215026,0.006818471421306847,rejected
rnd_045,random,volatility,"Std($high,10)",1,3,1,0.0004917691365402718,0.007111414071130305,-0.14038166930811627,0.3064936399459839,0.0032651439804618687,-0.04629775489183226,rejected
rnd_046,random,volatility,"(Max($low,20)-Mean(Max($low,20),60))/(Std(Max($low,20),60)+1e-12)",-1,17,1,0.010342395336735243,-0.005361868858356783,1.1675592135816384,-0.06046493351459503,8.467844427140123e-05,0.023808680923867877,rejected
rnd_048,random,volatility,"Mean(($open-Mean($open,60))/(Std($open,60)+1e-12),60)",1,13,1,0.008707917029783787,0.016499363202725978,0.9824705214967031,0.648379921913147,0.048393326284019725,-0.00442935007615199,rejected
rnd_049,random,range,"Min(Corr($open,$low,10),60)/(Min(Corr($open,$low,10),10)+1e-12)-1",-1,17,1,0.004752160318997669,0.00338667728346645,0.8362039542299431,0.3578876256942749,0.005483723236275371,0.008445719371970688,rejected
rnd_050,random,reversal,"Mean($vwap,5)/(Mean($vwap,20)+1e-12)-1",-1,11,1,0.02101126040937893,0.007637098474301811,2.4212429943038565,0.17726215720176697,0.0009138516371553497,0.010032247867350914,rejected
rnd_051,random,other,"Corr(($close/$vwap-1),$close,60)",-1,8,1,0.0061898291691195205,0.0037992750778408023,1.1219866365360311,0.16549135744571686,0.0009734596259555783,-0.0012993556815798187,rejected
rnd_053,random,volatility,"Std(($close-Mean($close,40))/(Std($close,40)+1e-12),10)/(Slope($open,5)+1e-12)",-1,19,3,0.003939476527683729,0.002287204811865377,2.302750845951505,0.5709428787231445,0.024189850655865944,-0.006623408259635713,rejected
rnd_056,random,volatility,"Corr(($close-Mean($close,60))/(Std($close,60)+1e-12),$high,20)",1,14,3,0.007094002260443688,0.006372525105129446,0.9873802775751366,0.5233799815177917,0.016492410391808012,-0.00911462565357619,rejected
rnd_057,random,reversal,"Corr(($close/Ref($close,1)-1),$open,20)",-1,10,7,0.00047567067339234653,-0.0027357304364118407,-0.04177206903807183,-0.5226411819458008,4.803690833630782e-08,-0.001508749192185006,rejected
rnd_058,random,range,"Mean(Sum($low,40)/(Max(Log($volume+1),20)+1e-12),60)",1,14,4,0.015246955122994134,0.014819020453172835,2.402528619896234,0.47652536630630493,0.014965947280454644,-0.028955600146946536,rejected
rnd_059,random,other,"Delta(($close/$vwap-1),60)",-1,7,1,0.02049260408646751,0.018934078831030956,2.926239232327754,0.7403456568717957,0.07404022540683115,-0.0002167338965149549,rejected
rnd_060,random,reversal,"Mean($open,10)",1,3,1,0.010744638087424803,0.012527313424885552,1.675135238048637,0.364507794380188,0.0062073485116094,-0.032073204030544776,rejected
rnd_061,random,range,"Corr($high,($close/Ref($close,1)-1),40)",-1,10,7,0.010768356032894649,0.00530924924626966,1.8598022140991253,-0.14958512783050537,2.105437997584807e-05,0.016756474834107787,rejected
rnd_062,random,trend,"Corr(Mean($vwap,40)/(Mean($vwap,5)+1e-12)-1,($close/$vwap-1),5)",1,18,1,0.0024896268162072762,0.002156958969763543,0.7732233568096022,0.28223302960395813,0.001855724088397707,0.007868691823124644,rejected
rnd_064,random,price_volume,"EMA(Corr($close,$high,60),20)/(EMA($volume,20)+1e-12)",1,12,1,0.021185356733611133,0.013806405541691118,3.1114458550995785,0.38013163208961487,0.006924112104049146,-0.008541939271840555,rejected
rnd_065,random,range,"Corr((($high-$low)/$close),$vwap,5)",-1,8,3,0.02790143124250518,0.02274871688251601,5.197294052832186,1.2572919130325317,0.5202182590686312,0.00813699339691306,probation
rnd_066,random,range,"Slope(Min((($high-$low)/$close),60)/(Min((($high-$low)/$close),10)+1e-12)-1,40)",1,21,3,0.008394449501736793,0.00561330463423549,1.5124782100358858,0.1612444669008255,0.000893583708784663,0.010589190141191421,rejected
rnd_067,random,range,"Max((($high-$low)/$close),40)/(Max((($high-$low)/$close),10)+1e-12)-1",1,19,3,0.00837781273991086,-0.00533671451428374,1.8314007162847794,-0.052215952426195145,9.684232202540335e-05,-0.009232604528932663,rejected
rnd_068,random,price_volume,"Corr(Slope($volume,60),$high,20)",-1,6,1,0.012253246679443747,0.004605685341226593,2.1894496969766224,0.21887613832950592,0.0015953911187732899,0.015740258912641057,rejected
rnd_072,random,price_volume,"Corr(Log($volume+1),$high,20)",-1,7,4,0.041253482815546444,0.030610965091361356,6.3679286757785665,1.6981595754623413,0.9030351609147088,0.02153201218606188,rejected
rnd_073,random,range,"Max($vwap,5)",1,3,1,0.010041623240435206,0.012249264176079846,1.570032431485944,0.3247167766094208,0.004397108032332578,-0.032692829280084865,rejected
rnd_075,random,range,"Max($vwap,5)/(Max($vwap,60)+1e-12)-1",-1,11,1,0.002286998747734302,-0.0037345384732501955,0.5317412581963129,0.0938277319073677,0.0004193154358913385,0.0008622619383368771,rejected
rnd_076,random,volatility,"($vwap-Mean($vwap,20))/(Std($vwap,20)+1e-12)",-1,11,1,0.020074628245422072,0.004402236399771252,2.3866727126054204,-0.010059485211968422,0.00014565946832649946,0.007011540005431738,rejected
rnd_080,random,price_volume,"Delta(Log($volume+1),10)",-1,6,4,0.0075120373289882135,0.0020665175477395732,1.3676448718663456,-0.2950654625892639,3.904670828558964e-06,0.0009694943359425738,rejected
rnd_081,random,range,"Rank($close,20)",-1,3,3,0.02448450602332267,0.00957860438412175,2.4132630846518883,-0.11014235764741898,8.902975262050962e-05,0.006016454218699678,rejected
rnd_082,random,volatility,"($vwap-Mean($vwap,10))/(Std($vwap,10)+1e-12)",-1,11,1,0.024047999029932005,0.0127863272611588,3.1120686048155464,0.2678585946559906,0.0024466339580084063,0.00432805965609814,rejected
rnd_083,random,range,"Mean((($high-$low)/$close),40)/(Mean((($high-$low)/$close),5)+1e-12)-1",1,19,3,0.0018590335364174451,-0.010120945365694788,1.054910325557179,-0.339083731174469,2.6469363719101758e-06,-0.0015415871249361802,rejected
rnd_084,random,volatility,"(($close/$vwap-1)-Mean(($close/$vwap-1),40))/(Std(($close/$vwap-1),40)+1e-12)",-1,23,1,0.02072216250315071,0.021051034543629034,2.587888380946595,0.6636400818824768,0.05314976476222999,-0.005915288704969276,rejected
rnd_085,random,range,"Min(Corr($high,(($high-$low)/$close),5),5)",-1,10,3,0.03198261516255567,0.028365216430905577,5.556607747650007,1.3649210929870605,0.6333580851447459,0.011542532470185378,probation
rnd_086,random,volatility,"Max(Std($vwap,40),20)/(Max(Std($vwap,40),60)+1e-12)-1",1,15,1,5.458167254581451e-05,0.003698259230476272,-0.139955162991928,0.04195718839764595,0.00026140952975732095,-0.0038071291298483216,rejected
rnd_087,random,volatility,"(Min($vwap,20)-Mean(Min($vwap,20),60))/(Std(Min($vwap,20),60)+1e-12)",-1,17,1,0.013401035061908552,0.0034296451762016083,1.807153238297771,0.3365006446838379,0.004485589370313425,0.03016993853667849,rejected
rnd_089,random,price_volume,"Std(Corr(($close/Ref($close,1)-1),$volume,40),20)/(Min($open,60)+1e-12)",-1,18,7,0.013249507118006803,0.006736589376157682,2.1866984537743286,0.4468885660171509,0.011945204588643548,-0.03487703658885273,rejected
rnd_090,random,volatility,"Max(Std((($high-$low)/$close),20),40)/(Max(Std((($high-$low)/$close),20),60)+1e-12)-1",-1,23,3,0.013856429673778413,-0.004151995752590511,2.3458300055290042,0.22849661111831665,0.001834588644747794,0.028458792625043094,rejected
rnd_091,random,range,"Mean($open,10)/(Min(Log($volume+1),40)+1e-12)",1,12,4,0.010706538165473007,0.012705636793425065,1.681431453974151,0.31209471821784973,0.00398118582066239,-0.031150924675545436,rejected
rnd_092,random,reversal,"Corr(($close/Ref($close,1)-1),$open,5)",1,10,7,0.0014708889652450758,-0.0007160745779862765,0.857328808643266,0.22461307048797607,0.0016830306345347757,0.0019144098502874589,rejected
rnd_093,random,liquidity,"($volume-Mean($volume,5))/(Std($volume,5)+1e-12)",-1,11,3,0.006540648732939032,0.005823987127152243,0.5014965505633207,-0.08553487807512283,6.011084620379029e-05,-0.0021318616403192994,rejected
rnd_096,random,range,"Rank(Sum($volume,40)/(Sum($volume,5)+1e-12)-1,40)",1,13,1,0.005924411932368093,0.0008640382650080712,1.8318853669341866,0.06083846837282181,0.0003648356182517697,-0.010732051044607107,rejected
rnd_098,random,volatility,"Std($vwap,5)",1,3,1,0.006674278941528683,0.011163488736955569,0.9072524338982487,0.667284369468689,0.05056681202766335,-0.04650287166628532,rejected
rnd_101,random,liquidity,"Sum(Log($volume+1),60)/(Sum(Log($volume+1),10)+1e-12)-1",1,17,4,0.01937760863135763,0.013330365490496198,3.2154595338208285,0.3905739188194275,0.006546455140133502,0.01924424025154684,probation
rnd_104,random,range,"EMA($high,20)",1,3,1,0.01102302303568145,0.012701560868405829,1.7244133310632532,0.365253210067749,0.00622017982675001,-0.03201160850898388,rejected
rnd_107,random,volatility,"Std(Min($open,10)/(Min($open,40)+1e-12)-1,20)",-1,13,1,0.007891793343048657,-0.004370415640080374,0.98362311045762,-0.3002853989601135,3.3904249299004315e-06,0.05339222038836978,rejected
rnd_109,random,volatility,"Min(Skew($open,60),5)/(Min(Skew($open,60),20)+1e-12)-1",-1,15,1,0.003294936104295569,0.002055452291140532,0.8047095412679668,0.1870643049478531,0.0012770969268056092,-0.001150515761080786,rejected
rnd_110,random,price_volume,"Corr(($close-Mean($close,20))/(Std($close,20)+1e-12),$volume,10)",-1,14,3,0.0372825195729382,0.024878966805051347,6.271721006990666,1.0728769302368164,0.315526689660268,0.021503609213131696,rejected
rnd_111,random,volatility,"(Delta($high,5)-Mean(Delta($high,5),60))/(Std(Delta($high,5),60)+1e-12)",-1,17,1,0.018698608368192877,0.010675795782374906,2.4284497834451892,0.19337263703346252,0.0012778383339425445,0.00024930981564087404,rejected
rnd_115,random,price_volume,"Corr(Corr(($close/Ref($close,1)-1),$high,60),$volume,60)",-1,13,7,0.0038682437899561673,-0.0009424887534176845,0.7115905253387008,-0.14235332608222961,3.142361574453231e-05,-0.000542746371471263,rejected
rnd_118,random,liquidity,"Sum(Log($volume+1),60)",-1,6,4,0.007372037045799641,0.0016072338602791995,1.126974735606469,0.15735110640525818,0.0008606166544031829,-0.013005087395573357,rejected
gp_0131,gp,reversal,"Mean($vwap, 5) / (Sum($vwap, 20) + 1e-12) - 1",-1,11,1,0.025240748131549376,0.01967085539574411,3.0448422534398465,0.33912211656570435,0.003995589451255678,0.010656261892807422,rejected
gp_0132,gp,other,$close,1,1,1,0.009365399933190542,0.01180818125230865,1.4770440063483323,0.3077719807624817,0.0037950858790794257,-0.032493611972854546,rejected
gp_0133,gp,reversal,"Corr($close / Ref($vwap, 1) - 1, $open, 5)",-1,10,1,0.0014049668161154735,0.0030541035443562166,-0.13380375052636165,-0.028523866087198257,0.00011748817144871492,-0.0033045082462604828,rejected
gp_0134,gp,reversal,"Corr(Corr($close / Ref($close, 1) - 1, $open, 5) - 1, $open, 20)",-1,15,7,0.016206262101453754,0.015015575682065642,3.1724486458791725,1.12375009059906,0.36822394059337255,0.005485408275843268,probation
gp_0135,gp,reversal,"EMA($vwap, 20) / Ref($close, 5) - 1",-1,9,3,0.0017022767674484494,0.002471516797561573,0.11970761771207143,-0.14138130843639374,2.3483713724119006e-05,-0.007673174295877944,rejected
gp_0136,gp,reversal,"Corr($close / EMA($vwap, 20) - 1, $open, 20)",1,10,1,0.010952197144182316,0.013428910075920049,1.4142696943212676,0.6669737696647644,0.03978259032677107,0.003903005652077611,rejected
gp_0137,gp,volatility,"Std(Std($close, 40) / Ref($close, 1) - 1, 20)",-1,11,3,0.00994216444703946,0.0013826467666221334,1.1546347982962526,-0.138059601187706,2.7461624562108882e-05,0.01633780643023589,rejected
gp_0138,gp,price_volume,"Std($volume, 5) / (Skew($close, 60) + 1e-12)",-1,9,3,0.013103569446368852,0.00271221635605423,2.913161250351539,0.3586007356643677,0.005281109809131207,0.004969266609805322,rejected
gp_0140,gp,liquidity,"($close / $vwap - 1 - Mean($close / $vwap - 1, 40)) / (Std(Std($volume, 5), 40) + 1e-12)",-1,21,3,0.018735973641418668,0.01426404170026886,2.898182471345118,0.9425277709960938,0.19773898890919567,-0.004724931224481393,rejected
gp_0141,gp,range,"Mean(($high - $low) / $close, 10)",-1,7,3,0.028463260381819157,-0.0016948183830858008,2.897417746002451,-0.09137868881225586,6.15062738036388e-05,0.07441794267136728,rejected
gp_0143,gp,range,"Min(Corr($vwap, ($high - $low) / $close, 10), 10) / (Min($close, 60) + 1e-12) - 1",-1,18,3,0.010857571323469846,0.004315769962802956,2.5854849166782246,0.5492386817932129,0.02332269287522333,0.024623703555973542,rejected
gp_0144,gp,range,"Delta(Corr(Max($high, 60) / (Slope($close, 40) + 1e-12) / $close, $low, 60), 20)",1,16,3,0.005613686755610555,0.0013328444247919604,1.454557839066718,0.27083826065063477,0.0023941913269298356,0.00572316352923738,rejected
gp_0145,gp,range,"Delta(Corr($high, ($high - $low) / $close, 5), 5)",-1,10,3,0.00915079380996781,0.007492518163774576,1.3033451480922151,0.3746594786643982,0.005883903135049843,0.0008976984159004438,rejected
gp_0146,gp,range,"Corr(($close - $low) / $close, $vwap, 5)",-1,8,1,0.010310539387309161,0.00780286851362016,1.7418750994540597,0.30604982376098633,0.0022951945270949813,0.004970332560332937,rejected
gp_0147,gp,range,"Mean((Corr($vwap, ($high - $low) / $close, 10) - $low) / $close, 20)",-1,14,3,0.03089176900498738,0.014633169025361582,5.180075995971384,0.9842211604118347,0.2332180870546891,0.014084302430123046,probation
gp_0148,gp,range,"Corr($low, Log($close), 5)",1,5,1,0.022998557282605827,0.022542567969341825,4.118419458000435,1.1817606687545776,0.4252734600501643,0.0016293200302862378,rejected
gp_0149,gp,price_volume,"Corr(Log($volume + 1), Min(Log($volume + 1), 5), 20)",-1,12,4,0.007513282569296624,0.009436400155842305,1.231514982937322,0.5975866913795471,0.03283546774339622,0.0032862158427295314,rejected
gp_0150,gp,price_volume,"Corr(Log($volume), $high, 20)",-1,5,1,0.04125345117063025,0.03061096137268377,6.367941683772458,1.6981595754623413,0.9030351609147088,0.021532019790096488,rejected
gp_0151,gp,price_volume,"Corr($low, Log($volume + 1), 60)",-1,7,4,0.029490119437590386,0.021373629543592332,3.979346983891361,0.7178162336349487,0.06539543038768371,-0.008333807940613981,rejected
gp_0152,gp,other,"Corr($close, Log($close + 1), 20)",1,7,1,0.010192235237104875,-0.005379896997510458,0.9394897060541453,-0.4668257236480713,1.6283672966206744e-07,0.05536531529384766,rejected
gp_0153,gp,price_volume,"Corr(Log(Log($volume + 1) + 1), $open, 60)",-1,10,4,0.02963507820142195,0.02221164586236941,4.0468405330688055,0.7316966652870178,0.07069156755900748,-0.011059046047431095,rejected
gp_0154,gp,price_volume,"Corr(Skew($volume, 60), $high, 20)",-1,6,1,0.0024359376712611218,0.0025604008777098024,1.152304855642268,0.3711547553539276,0.0060104988244779264,-0.0060142237191436665,rejected
gp_0155,gp,price_volume,"EMA($close, 20) / (EMA($volume, 20) + 1e-12)",1,9,1,0.01746090280303573,0.013892411357339636,2.7551345671997964,0.36472833156585693,0.006415851415797303,-0.021325801360660594,rejected
gp_0156,gp,price_volume,"EMA(Corr($close, $high, 60), 20) / Log($volume + 1)",1,11,4,0.023189391309938044,0.015796153393475138,3.435396468253724,0.27673083543777466,0.002829624677802083,-0.01095669744616426,rejected
gp_0157,gp,price_volume,"EMA($volume, 60)",-1,3,1,0.018303771303484755,0.007943619815702676,2.6820027955221586,0.3354383707046509,0.0048773929144321805,-0.010913979432283472,rejected
gp_0158,gp,price_volume,"Corr(Corr(Log($volume + 1), $high, 20), Log($volume + 1), 20)",-1,13,4,0.008218872396590303,0.0017596635000446889,1.642892592609693,0.07497947663068771,0.00036681802893875285,0.01531163018587576,rejected
gp_0159,gp,price_volume,"Corr($low / (Std($close, 20) + 1e-12), $volume, 10)",-1,10,3,0.004418327455529714,0.0059658552310239785,0.8574575260152943,0.3577100336551666,0.004975704897931341,0.0036936174473667475,rejected
gp_0160,gp,price_volume,"Corr(Log($volume + 1), $high, 40)",-1,7,4,0.04255803541042987,0.03238400477321051,6.1307995448407375,1.2756396532058716,0.5414265364185272,0.010520684521740315,rejected
gp_0161,gp,liquidity,"Std($volume, 20) / Mean($volume, 120)",-1,7,3,0.035893954999777586,0.027166118817247432,5.586900728938371,0.8247231841087341,0.11979884861700646,0.02888747431486866,probation
gp_0162,gp,other,"Corr($open, $close / $vwap - 1, 60)",1,8,1,0.005349314458620333,0.010431973483604992,0.714685195827492,0.4846993684768677,0.013152643293109502,0.00962928107045741,rejected
gp_0163,gp,other,"Delta($close / $vwap, 60)",-1,5,1,0.02049260408646751,0.018934078831030956,2.926239232327754,0.7403456568717957,0.07404022540683115,-0.0002167338965149549,rejected
gp_0164,gp,other,"Corr($open, $vwap, 20)",-1,4,1,0.0013306032844377501,-0.0025607846182850256,-0.34837866326603456,-0.37555748224258423,7.603316058016002e-07,-0.01491136094029047,rejected
gp_0165,gp,other,"Delta($close / ($close / $vwap) - 1, 60)",-1,9,1,0.011392276907883605,-0.0006565211657531485,1.3135979284315313,0.07799997180700302,0.0003806534919798679,0.011572839893020955,rejected
gp_0166,gp,liquidity,"Mean(Log($volume + 1), 10) / (Mean(Log($volume + 1), 40) + 1e-12) - 1",-1,17,4,0.019671709825251887,0.011461484364286893,3.0893845759587273,0.36142924427986145,0.005116444825271343,0.007689014630674536,rejected
gp_0167,gp,other,$vwap,1,1,1,0.009593964531831376,0.011989303061408618,1.5028270588647592,0.33957555890083313,0.004963894783467646,-0.032497023932851456,rejected
gp_0168,gp,range,"Corr($close / $vwap - 1, $high, 40) / $vwap - 1",-1,12,1,0.0030646472858088325,-0.0013974350993172571,0.5173274740644164,-0.14240552484989166,2.9450215824841503e-05,0.016053295991682363,rejected
gp_0169,gp,range,"Rank($close, 20) / $vwap - 1",-1,7,3,0.017987414674656532,0.007045637248601663,2.4706914612717186,0.21552640199661255,0.0016371381583721112,-0.026199902755723845,rejected
gp_0172,gp,reversal,"Mean($vwap, 5) / ($vwap + 1e-12) - 1",1,9,1,0.03419012585928204,0.019668344472069325,4.134384518131308,0.55278480052948,0.021704484215156767,0.0018457610154462235,probation
gp_0173,gp,other,$close - 1,1,3,1,0.009365399933190542,0.012011808681149745,1.4770440063483323,0.3077719807624817,0.0037950858790794257,-0.032493611972854546,rejected
gp_0174,gp,other,$open,1,1,1,0.009856618394719891,0.012372386949820907,1.5469276937122585,0.38040003180503845,0.006984864930883148,-0.0324137566790915,rejected
gp_0175,gp,trend,"Mean(Delta($close, 20) / (Delta($vwap, 40) + 1e-12), 10)",-1,11,1,0.0005436793769082171,-0.0008403923156679583,-0.026642190733097388,-0.44225844740867615,4.456896072452684e-07,-0.006867061423591548,rejected
gp_0176,gp,other,$open - 1,1,3,1,0.009856618394719891,0.01237238694919609,1.5469276937122585,0.38040003180503845,0.006984864930883148,-0.0324137566790915,rejected
gp_0177,gp,price_volume,"Std($volume, 5) / (Delta($volume, 10) + 1e-12)",-1,9,3,0.0015550621694668761,-0.0007505637737252292,0.10431280431669351,-0.38463646173477173,1.1324320982986254e-06,0.0036513825360579007,rejected
gp_0179,gp,volatility,"Std($close / Ref($close / $vwap - 1, 1) - 1, 20)",1,13,1,0.016481758516853788,0.007481784159594398,3.0428204621592374,0.5232813358306885,0.020679476324018804,-0.006009037022676481,probation
gp_0180,gp,volatility,"Std($close / Ref(Std($open, 20) + 1e-12, 1) - 1, 20)",1,13,1,0.00039370261419468356,-0.012942565580346939,0.09102016210130365,-0.4366436004638672,9.937175960020413e-07,0.05491377214532321,rejected
gp_0181,gp,volatility,"Std($volume, 5) / (Max($volume, 20) / (Max($volume, 5) + 1e-12) - 1 + 1e-12)",-1,17,3,0.013320604376023726,0.006744734544030267,2.323670260199119,0.053383719176054,0.00029610029390873013,-0.007988480549621018,rejected
gp_0182,gp,range,"($vwap - Mean($vwap, 10)) / (Min($volume, 10) + 1e-12)",-1,11,1,0.018696564214522406,-0.00042668914077471996,2.3376562833760204,0.18258291482925415,0.0010405133199785188,0.0035166312826143903,rejected
gp_0183,gp,volatility,"($vwap - Mean($vwap, 10) - Mean($close / $vwap - 1, 40)) / (Std($close / $vwap - 1, 40) + 1e-12)",-1,23,1,0.022177688179424282,0.0016708091407377683,2.869958304581112,0.29199618101119995,0.0028896213862624883,0.003940923226608579,rejected
gp_0186,gp,range,"Mean((Corr($vwap, Corr($close / Ref($close, 1) - 1, $open, 10), 10) - $low) / $close, 20)",-1,19,7,0.015389274787669042,0.004896544867811583,2.436615179324588,0.40658262372016907,0.007666064689117123,0.029356839566780746,rejected
gp_0187,gp,volatility,"Sum(($high - Slope($high, 40) / (Std(($high - $low) / $close, 20) + 1e-12)) / $close, 5) / (Sum($high, 40) + 1e-12)",-1,25,3,0.011760222948682382,0.010812097593620071,1.7943090686948562,0.43264028429985046,0.01084941470220595,-0.03406034353801223,rejected
gp_0188,gp,range,"Sum(($high - $low) / $close, 5) / Corr($vwap, ($high - $low) / $close, 10)",-1,16,3,0.022994217873235558,0.006195927142889712,4.773733583036078,0.39590322971343994,0.011079480788975311,0.02467022485077827,rejected
gp_0190,gp,price_volume,"Corr($close, Log($volume + 1), 40)",-1,7,7,0.04320807188591597,0.03247351283039341,6.246044311145327,1.2419921159744263,0.5027602737922287,0.013573755935149813,probation
gp_0191,gp,price_volume,"Corr($volume, $high, 20)",-1,4,1,0.04209585722494859,0.03139351242300734,6.474162407322962,1.6750822067260742,0.8881501934898656,0.021597695042716247,rejected
gp_0192,gp,price_volume,"Corr($close, Log($volume), 5)",-1,5,1,0.03495729684596972,0.026162705595625578,4.931067747248702,1.0369551181793213,0.2648577213261223,0.014698485284924144,rejected
gp_0194,gp,volatility,"Corr($low, Log(($vwap - Mean($vwap, 40)) / (Std($vwap, 40) + 1e-12) + 1), 5)",1,17,1,0.012712874803499502,0.006413583643734455,2.8158812907313644,0.2539539635181427,0.0021655572880024767,0.001301284729340997,rejected
gp_0195,gp,price_volume,"Corr(Log($volume + 1), $volume, 40)",1,7,4,0.027443806865084568,0.02363230157859887,5.157862057336409,1.2234803438186646,0.4815389535671197,0.01215218512253347,probation
gp_0196,gp,volatility,"Corr(Log(($high - Mean($high, 40)) / (Std($high, 40) + 1e-12)), $high, 20)",1,15,1,0.0015498821462369206,-0.001656524227435051,0.2489762320753667,-0.06266126781702042,8.613012194387311e-05,0.006803112735391466,rejected
gp_0197,gp,price_volume,"Corr(Log($volume), $high, 40)",-1,5,1,0.04255812646965511,0.03219975138672255,6.130852430683307,1.2756396532058716,0.5414265364185272,0.010520727393678236,rejected
gp_0198,gp,volatility,"Corr(Log(($vwap - Mean($vwap, 20)) / (Std($vwap, 20) + 1e-12)), $high, 20)",1,15,1,0.007548569344340253,0.003365891519933939,1.845830355036998,0.5812707543373108,0.02714428583118419,0.003113177110263961,rejected
gp_0199,gp,other,"Corr($close, $open, 20)",1,4,1,0.0048228681088096385,0.009592272974134118,1.102672414724576,0.5527316927909851,0.016244141919551286,0.015532004535669287,rejected
gp_0200,gp,price_volume,"Corr(($close - Mean($close, 20)) / (Rank($close, 20) + 1e-12), $volume, 10)",-1,14,3,0.04104367046408892,0.028201734150419735,6.521826065638175,1.261357307434082,0.5246847031216424,0.019643498226283536,rejected
gp_0201,gp,price_volume,"Corr($close, Log($volume + 1), 10)",-1,7,7,0.041059690798205144,0.03134897828003939,6.8718466425738995,1.4424837827682495,0.7232961454794788,0.02304360283991809,probation
gp_0202,gp,liquidity,"($close / $vwap - 1 - Mean($close / $vwap - 1, 60)) / (Std(Std($volume, 5), 40) + 1e-12)",-1,21,3,0.019448817910659087,0.014622856099375603,3.0520476042337363,1.0098645687103271,0.25730641830886625,-0.004945771436012233,rejected
gp_0204,gp,liquidity,"Mean($volume, 20) / Mean(Mean($volume, 10) / (Mean($volume, 40) + 1e-12), 120)",-1,15,3,0.01968668556791472,0.008890143557955038,2.9208094541131353,0.41069644689559937,0.008789398269154388,-0.009295364902261016,rejected
gp_0206,gp,liquidity,"($close / $vwap - 1 - Mean($close / $vwap - 1, 10)) / (Std(Std($volume, 5), 40) + 1e-12)",-1,21,3,0.014912716543940118,0.010363073448339073,2.3884885351967475,0.7372950911521912,0.0822577611027952,-0.0019593781928178423,rejected
gp_0207,gp,liquidity,"Mean($volume, 60) / Mean($volume, 120)",-1,7,3,0.014654191382992296,0.005729242333901276,1.971094271434933,0.04933221638202667,0.0002775047950784915,0.022662870105881337,rejected
gp_0208,gp,range,"Corr($close, Mean($high, 20) / (Mean($high, 5) + 1e-12) - 1, 20)",-1,14,1,0.0033909336263577526,0.005337776461831559,0.6096352523952164,0.5504641532897949,0.018688788218228468,0.0028584830197192625,rejected
gp_0209,gp,range,"Min(($high - $low) / $close, 10) / $vwap - 1",-1,11,3,0.016378889993324507,0.00204886698005198,2.9347819571565994,0.2931123673915863,0.003206942740302375,-0.012255400854403076,rejected
gp_0210,gp,reversal,"Sum($close / $vwap - 1, 5) / (Sum($close / $vwap - 1, 20) + 1e-12) - 1",1,19,1,0.001807414605535367,0.0005466575297257129,0.7128913867128266,0.46484965085983276,0.009868668394225526,-0.005440221249172876,rejected
gp_0211,gp,trend,"Slope($close / $vwap - 1, 5) / (Sum($close / $vwap - 1, 40) + 1e-12) - 1",-1,19,1,0.0013758093007665596,0.0003882262832270179,-0.568558247044018,-0.06474167108535767,7.601022488442738e-05,0.0019484084278970442,rejected
gp_0213,gp,trend,"Mean(Delta($close, 20) / Mean($vwap, 40), 10)",-1,9,1,0.026804952889792667,0.013462087567486538,3.0878547227750626,0.5291426777839661,0.017928287768036056,0.023011951781228078,rejected
gp_0214,gp,trend,"Mean(Delta($close, 20) / (Delta($vwap, 40) + 1e-12), 40)",-1,11,1,0.00430880290414118,-0.0011723029179854282,1.4307023989449397,0.22167499363422394,0.0018463641556638168,-0.0010971576865713868,rejected
gp_0215,gp,reversal,"$close / Ref($close, 20) / Ref($close, 5) - 1",-1,11,5,0.01388719090177367,0.007328742483345487,2.178815862447392,0.3718300461769104,0.006494529072682854,-0.03016650988401982,rejected
gp_0216,gp,trend,"$close / Ref($close, 60) - 1",-1,7,7,0.0223419440525785,0.007743470703454485,2.4367944825830694,0.2587169110774994,0.0021007649375863933,0.020104396540931376,rejected
gp_0217,gp,reversal,"Mean($vwap, 5) / ($close / Ref($close, 5) - 1 + 1e-12) - 1",-1,15,7,0.014340768609189133,0.004814369592505691,2.041159606973386,0.26432543992996216,0.0022382137068262882,-0.000642119194166616,rejected
gp_0218,gp,trend,"EMA($vwap, 60)",1,3,1,0.012106941576042972,0.013424395141974405,1.9222492081272298,0.38448774814605713,0.007280447827031196,-0.030974746674563052,rejected
gp_0220,gp,reversal,"Mean(Mean($open, 10), 5) / ($vwap + 1e-12) - 1",1,11,1,0.026122103584998505,0.010806588720696625,3.081545739050394,0.15595568716526031,0.0007594991568499655,0.007762455946005904,rejected
gp_0221,gp,trend,"Mean($vwap, 40) / (Mean($vwap, 20) + 1e-12) - 1",1,11,1,0.023833356034643337,0.012475496961140774,2.562226552328414,0.4167557656764984,0.007462147721694412,0.03104922008303549,rejected
gp_0222,gp,reversal,"Mean($vwap, 10)",1,3,1,0.010617457664626382,0.012736753777523101,1.649990322697185,0.3604396879673004,0.005981873434696937,-0.03214409158740149,rejected
gp_0223,gp,volatility,"Std($volume, 5) / ($low + 1e-12)",-1,7,3,0.018809278732371523,0.005536823407764636,3.0401573679623652,0.22345539927482605,0.0018128536408341725,-0.019892114513324153,rejected
gp_0224,gp,volatility,"($vwap - Mean($vwap, 5)) / (Std($vwap, 10) + 1e-12)",-1,11,1,0.02634300192855691,0.016845888058013115,3.4727460992988965,0.2890148460865021,0.003315598649593676,0.0021483579398685992,rejected
gp_0226,gp,range,"Sum(($high - $low) / $close, 20) / Corr($vwap, ($high - $low) / $close, 10)",-1,16,3,0.02246567516109922,0.006005077084653466,4.8994098384951785,0.3044096529483795,0.005138642789489036,0.02461033550196038,rejected
gp_0227,gp,range,"Sum(($high - $low) / $close, 5) / Max($close / Ref($close, 1) - 1, 20)",1,17,7,0.015073395209442213,0.007311542049601268,2.598398990618266,0.5038060545921326,0.01610581823423429,0.010423615219563536,rejected
gp_0229,gp,range,"Min($high - $low, 5)",1,5,3,0.003988352753807062,0.010539595037698746,0.3222677090324909,0.2366228848695755,0.001985567261470809,-0.04618688611334876,rejected
gp_0230,gp,range,"Min(Corr($high, ($high - ($high - $low)) / $close, 5), 5)",1,12,3,0.013440572655686774,0.009335072582040199,3.0169245980525297,0.38699111342430115,0.006363106333490378,0.010514475136147516,rejected
gp_0231,gp,range,$high,1,1,1,0.009446982149577553,0.012208767709613993,1.4641637956852096,0.3317088484764099,0.004672489458205899,-0.032715189747049574,rejected
gp_0233,gp,price_volume,"Corr($close, Log(Log($volume) + 1), 40)",-1,8,1,0.04302166735508684,0.03234979831463586,6.206663076083743,1.25334632396698,0.5158344609655485,0.013446639786101142,rejected
gp_0235,gp,range,"Rank($close, 20) + 1e-12",-1,5,3,0.02448450602332267,0.009477459825575352,2.4132630846518883,-0.11014235764741898,8.902975262050962e-05,0.006016454218699678,rejected
gp_0236,gp,range,"Corr($close, Log(Corr($close / $vwap - 1, ($high - $low) / $close, 20) + 1), 20)",-1,18,3,0.01056694342455456,0.0059401235591862965,1.7707502441338099,0.4490813910961151,0.010615131413534588,-0.0025079336028116747,rejected
gp_0238,gp,price_volume,"Corr(($close - Mean($close, 20)) / (Rank($close, 60) + 1e-12), $volume, 10)",-1,14,3,0.039771752909334275,0.026833434241646813,6.248548337096172,1.1357537508010864,0.3800443279393507,0.018486825750384815,rejected
gp_0239,gp,price_volume,"Corr(Log($volume + 1), Mean($close, 20), 20)",-1,9,4,0.010484284817839924,0.009588521626047683,2.041312237369194,0.4422418177127838,0.011140512269677693,-0.014474771423938366,rejected
gp_0240,gp,price_volume,"Corr($close, Corr(Log($volume + 1), $high, 20), 20)",1,10,4,0.0012169245852385422,0.0024765451588928847,0.38085757291752304,0.3107491433620453,0.00277501061214689,0.008055563650850738,rejected
gp_0241,gp,liquidity,"Mean($volume, 20) / (($vwap - Mean($vwap, 60)) / (Std($vwap, 60) + 1e-12))",-1,15,3,0.01575410954941401,0.007227303458175559,2.3953648602122453,0.315841943025589,0.0039358610407689955,0.012706726467159183,rejected
gp_0242,gp,liquidity,"Mean($volume, 20) / Mean(Log($volume + 1), 120)",-1,10,4,0.02108325541095706,0.010037944541207938,3.082870463004747,0.41355112195014954,0.00898662473105408,-0.0070141913643561255,probation
gp_0243,gp,price_volume,"($close / $vwap - 1 - ($volume + 1)) / (Std(Std($volume, 5), 40) + 1e-12)",-1,17,3,0.006521861998985918,0.0066282106922540855,0.9024830820401949,0.7533416748046875,0.08151535036549179,0.002899971643771071,rejected
gp_0244,gp,volatility,"Mean($volume, 20) / Mean(Rank($open, 10) / (Std($volume, 10) + 1e-12), 120)",-1,15,3,0.0177750062691119,0.0053611150247979515,2.6412644954070483,0.4072604477405548,0.009008572511842847,-0.00988357870113922,rejected
gp_0245,gp,price_volume,"Std($volume, 20) / $volume",-1,5,3,0.011864773961426546,0.018240021925916176,1.9663199402390512,0.7973591685295105,0.09156067371419835,0.01419836972412581,rejected
gp_0246,gp,range,"EMA($high, 20) / (Min($high, 20) + 1e-12) - 1",-1,11,1,0.01252150685201281,-0.009071247175356399,1.2112991946246265,-0.5782692432403564,9.60321963017047e-09,0.03898785425704017,rejected
gp_0247,gp,price_volume,"Mean(Corr($volume, $close, 10), 20) / Mean($volume, 120)",-1,10,3,0.022184694843713236,0.011604548275283654,4.354411352245341,0.918541431427002,0.16981482754166338,0.03263883475617636,rejected
gp_0248,gp,volatility,"Mean($open, 60) / (Std($vwap, 40) + 1e-12)",1,9,1,0.016588187078163796,-0.0038326290346032297,1.4547486443901618,-0.3595409095287323,1.227156078631625e-06,0.04530818545151445,rejected
gp_0249,gp,other,"Delta($close, 60)",-1,3,1,0.012815154053145908,0.0003208687829927158,1.5341176337597235,0.09000352770090103,0.0004329482180550289,0.011525303727616459,rejected
